genres,metascore,developer,userscore,rating,publisher,title,summary,release_date
Role-Playing|Action RPG|,96,From Software,7.9,M,Bandai Namco Games,Elden Ring,"A New World Created By Hidetaka Miyazaki And George R. R. Martin. ELDEN RING, developed by FromSoftware, Inc. and BANDAI NAMCO Entertainment Inc., is a fantasy action-RPG adventure set within a world created by Hidetaka Miyazaki creator of the influential DARK SOULS video game series; and George R.R. Martin author of The New York Times best-selling fantasy series, A Song of Ice and Fire. Danger and discovery lurk around every corner in FromSoftware's largest game to-date.  Hidetaka Miyazaki, President and Game Director of FromSoftware Inc. Known for directing critically-acclaimed games in beloved franchises including Armored Core, Dark Souls, and Sekiro: Shadows Die Twice.  George R.R. Martin is the #1 New York Times bestselling author of many novels, including the acclaimed series A Song of Ice and Fire - A Game of Thrones, A Clash of Kings, A Storm of Swords, A Feast For Crows, and A Dance with Dragons. As a writer-producer, he has worked on The Twilight Zone, Beauty and the Beast, and various feature films and pilots that were never made.","Feb 25, 2022"
Action Adventure|Linear|,93,Supergiant Games,8.6,T,Private Division,Hades,"Defy the god of the dead as you hack and slash out of the Underworld in this rogue-like dungeon crawler from the creators of Bastion, Transistor, and Pyre.  Hades is a god-like rogue-like dungeon crawler that combines the best aspects of Supergiant's critically acclaimed titles, including","Aug 13, 2021"
Adventure|3D|First-Person|,92,Crows Crows Crows,9.1,None,Galactic Cafe,The Stanley Parable: Ultra Deluxe,"2013's The stanley parable is a classic. Full of humour and deep messages, a true successor of the first and the second Portal. Like The","Apr 27, 2022"
Role-Playing|Action RPG|,92,JapanStudio,8.0,None,Sony Interactive Entertainment,Demon's Souls,"From PlayStation Studios and Bluepoint Games comes a remake of the PlayStation classic, Demon’s Souls. Entirely rebuilt from the ground up and masterfully enhanced, this remake introduces the horrors of a fog-laden, dark fantasy land to a whole new generation of gamers. Those who’ve faced its trials and tribulations before, can once again challenge the darkness in stunning visual quality and incredible performance. In his quest for power, the 12th King of Boletaria, King Allant channelled the ancient Soul Arts, awakening a demon from the dawn of time itself, The Old One. With the summoning of The Old One, a colorless fog swept across the land, unleashing nightmarish creatures that hungered for human souls. Those whose souls were stripped from them, lost their minds – left only with the desire to attack the sane that remained. Now, Boletaria is cut off from the outside world, and the knights who dare penetrate the deep fog to free the land from its plight, are never seen again. As a lone warrior who has braved the baneful fog, you must face the hardest of challenges to earn the title “Slayer of Demons” and send The Old One back to its slumber.","Nov 11, 2020"
Action|Shooter|First-Person|Arcade|,91,Gearbox Software,7.6,M,2K Games,Borderlands 3,"The original shooter-looter returns, packing bazillions of guns and a mayhem-fueled adventure! Blast through new worlds and enemies as one of four new Vault Hunters. Play solo or with friends to take on insane enemies, score loads of loot and save your home from the most ruthless cult","Nov 12, 2020"
Sports|Individual|Skate / Skateboard|,90,Vicarious Visions,7.2,None,Activision,Tony Hawk's Pro Skater 1 + 2,"<span class=""blurb blurb_collapsed"">Drop back in with the most iconic skateboarding games ever made. Play Tony Hawk's Pro Skater &amp; Tony Hawk's Pro Skater 2 in one epic collection, rebuilt from the ground up in incredible HD. All the pro skaters, levels and tricks are back and fully-remastered, plus more.<br/>Skate in super crisp</span>","Mar 26, 2021"
Role-Playing|Massively Multiplayer|,90,Square Enix,9.1,T,Square Enix,Final Fantasy XIV: Endwalker,Amazing expansion once again a visual treat fantastic music a top class narrative that shoots up the ranks as one of the greatest jrpgs ever made its great to see developers make a piece of art as well as a video game,"Dec  7, 2021"
Action Adventure|General|,89,William Chyr Studio LLC,6.9,E,William Chyr Studio LLC,Manifold Garden,"Rediscover gravity and explore a beautiful Escher-esque world of impossible architecture. Geometry repeats infinitely in every direction, and falling down leads you back to where you started. Manipulate gravity to change your perspective and see the world in new ways. Master the rules of the universe and restore a barren world with vegetation and life.","May 20, 2021"
Adventure|Visual Novel|,89,Kaizen Game Works,6.5,M,Fellow Traveller,Paradise Killer,"Paradise Island, a world outside reality. There's been a murder that only ""investigation freak"" Lady Love Dies can solve. Gather evidence and interrogate suspects in this open world adventure. You can accuse anyone, but you'll have to prove your case in trial to convict. It's up to you to decide who's guilty.","Mar 16, 2022"
Role-Playing|Action RPG|,89,Square Enix,8.3,T,Square Enix,Final Fantasy VII Remake Intergrade,FINAL FANTASY VII REMAKE expands upon and reimagines the spectacular world of the original PlayStation game. It covers up through the escape from Midgar and is the first game in the FINAL FANTASY VII REMAKE project. INTERGRADE is a bundle that includes both REMAKE and the new episode,"Jun 10, 2021"
Role-Playing|General|Western-Style|,89,ZA/UM,7.7,M,ZA/UM,Disco Elysium: The Final Cut,"Disco Elysium is about a detective who wakes up in a rundown coastal district with a banging headache and only a few dregs of memory left. You set out to discover what happened to him inside the unique world we have created. We’ve thrown together disco music, early motor carriages, and post-revolutionary angst for our setting, and brought it all to life with actual oil paintings.","Mar 30, 2021"
Action Adventure|General|,89,Capcom,8.3,M,Capcom,Devil May Cry 5: Special Edition,"<span class=""blurb blurb_collapsed"">Devil May Cry is back. The legendary stylish action game is better than ever in the ultimate version of this multi-award winning hit.<br/> <br/>New features:

- New playable character - Dante's brother and arch-rival, Vergil
- Legendary Dark Knight mode - an extremely challenging horde mode</span>","Nov 12, 2020"
Action|Platformer|3D|,88,Insomniac Games,8.5,E10+,PlayStation Studios,Ratchet & Clank: Rift Apart,"Ratchet & Clank: Rift Apart is an intergalactic adventure from Insomniac Games that showcases what’s possible for games designed around PS5’s  SSD and DualSense wireless controller. Players seamlessly travel through different dimensions in mid-gameplay. The DualSense wireless controller brings combat to life, with haptic feedback and the adaptive triggers adding powerful sensations that increase immersion in combat.","Jun 11, 2021"
Action Adventure|Linear|,88,Hazelight,9.1,None,Electronic Arts,It Takes Two,"From Hazelight comes It Takes Two an innovative co-op adventure where uniquely varied gameplay and emotional storytelling intertwine in a fantastical journey. Founded to push the creative boundaries of what's possible in games, Hazelight is the award-winning studio behind the critically","Mar 26, 2021"
Action|Shooter|First-Person|Arcade|,88,Arkane Studios,6.5,T,Bethesda Softworks,Deathloop,"If at first you don't succeed Die, Die Again. From the team at Arkane Lyon comes an innovative take on first-person action. ""DEATHLOOP"" transports players to the lawless island of Blackreef in an eternal struggle between two extraordinary assassins. Explore stunning environments and meticulously designed levels in an immersive gameplay experience that lets you approach every situation any way you like. Hunt down targets all over the island in an effort to put an end to the cycle once and for all, and remember, if at first you don't succeed die, die again.","Sep 14, 2021"
Role-Playing|Action Adventure|Action RPG|Open-World|,88,Guerrilla,8.0,T,PlayStation Studios,Horizon Forbidden West,"Join Aloy as she braves the Forbidden West – a majestic but dangerous frontier that conceals mysterious new threats. Explore distant lands, fight bigger and more awe-inspiring machines, and encounter astonishing new tribes as you return to the far-future, post-apocalyptic world of Horizon. The land is dying. Vicious storms and an unstoppable blight ravage the scattered remnants of humanity, while fearsome new machines prowl their borders. Life on Earth is hurtling towards another extinction, and no one knows why. It's up to Aloy to uncover the secrets behind these threats and restore order and balance to the world. Along the way, she must reunite with old friends, forge alliances with warring new factions and unravel the legacy of the ancient past – all the while trying to stay one step ahead of a seemingly undefeatable new enemy.","Feb 18, 2022"
Action|Fighting|2D|,88,NetherRealm Studios,7.4,M,Warner Bros. Interactive Entertainment,Mortal Kombat 11 Ultimate,"Experience 2 robust and critically acclaimed story campaigns from Mk11 & Mk11: aftermath. Play as the complete 37-character roster including newly added fighters mileena, RaiN & rambo. Thousands of Skins & weapons & Gear for an unprecedented level of Fighter customization. Includes all previous guest fighters such as Terminator Joker spawn & robocop. Every mode included.","Nov 17, 2020"
Action Adventure|Open-World|,87,Sucker Punch,7.1,M,SCEE,Ghost of Tsushima: Director's Cut,"Ghost of Tsushima Director's Cut includes: Ghost of Tsushima full game; Iki Island expansion: New story, mini-games, enemy types and more*; Legends online co-op mode; Downloadable content: Digital mini art book, Director's commentary, One Technique Point, Charm of Hachiman's Favor, Hero of","Aug 20, 2021"
Miscellaneous|Compilation|,87,Naughty Dog,8.8,None,SCEE,Uncharted: Legacy of Thieves Collection,"The game looks absolutely stellar on PS5, and the 3D Audio really makes all the difference in realism- far more than I expected. It exceeded my expectations. If you’ve never played, $49 is well worth it. I don’t completely agree with charging $10 for existing owners of both games, but at least there is an upgrade path. The storytelling and cinematic style are top notch. I know there’s a movie coming out, and honestly it’s a terribly idea simply because the game is better than any movie could possibly be. That’s the issue- it’s just too good. Naughty Dog crushed it with this one.","Jan 28, 2022"
Miscellaneous|Compilation|,87,Team Ninja,8.0,M,SCEE,The Nioh Collection,"<span class=""blurb blurb_collapsed"">Celebrate the franchise's 4-year anniversary with remastered editions of both games featuring 4K and up to 120FPS support. <br/>For everyone that recently purchased the PlayStation 5 console, you will be able to experience the complete Nioh 2 adventure in Nioh 2 Remastered The Complete</span>","Feb  5, 2021"
Racing|Simulation|Automobile|,87,Polyphony Digital,2.0,E,PlayStation Studios,Gran Turismo 7,"From classic vehicles and tracks to the reintroduction of the legendary GT Simulation Mode – GT 7 brings together the best features from past installments of the series alongside the future. An even more realistic driving experience awaits thanks to haptic feedback, which brings to life what it’s like when the tires hit the road. PS5’s immersive 3D audio allows players to sense the position of other cars and drivers around them.","Mar  4, 2022"
Action|Fighting|2D|,87,Arc System Works,8.2,None,Arc System Works,Guilty Gear -Strive-,"“Guilty Gear -Strive-“ is the latest entry in the Guilty Gear fighting game franchise. Created by Daisuke Ishiwatari and developed by Arc System Works, “Guilty Gear -Strive-“ upholds the series’ reputation for groundbreaking hybrid 2D/3D cell-shaded graphics and intense, rewarding gameplay. There is a fully voiced story mode diving deep into the Guilty Gear universe, new characters joining fan favorites, and robust rollback net code. The cutting-edge 2D/3D hybrid graphics pioneered in the Guilty Gear series have been raised to the next level in “Guilty Gear -Strive-“. The new artistic direction and improve character animations will go beyond anything you’ve seen before in a fighting game!","Jun  8, 2021"
Action|Shooter|First-Person|Arcade|,87,Bungie,8.1,T,Bungie,Destiny 2: The Witch Queen,"The Definitive Destiny Campaign. Delve into Savathûn’s Throne World to uncover the mystery of how she and her Lucent Hive stole the Light. Learn the secrets to crafting new weapons, the new Glaive, and survive the truth within her web of lies. New Destination. A twisted wonderland of corruption and splendor, Savathûn’s Throne World plays host to a fragile balance of power. From her palace to the swamp, all that she hides can be found here. Weapon Crafting. Create custom weaponry with unique mod, shader, and stat combinations. Master the new Glaive weapon type and unleash powerful melee combos, projectile attacks, and a deployable energy shield. ","Feb 22, 2022"
Adventure|General|,87,Greg Lobanov,6.8,E,Finji,Chicory: A Colorful Tale,"<span class=""blurb blurb_collapsed"">A Painting Adventure: You're a dog wielding a magic paintbrush! Use the power of art to explore, solve puzzles, help your animal friends and restore color to the world in this top-down adventure game. <br/>Explore the Picnic Province, and draw on anything!<br/>  Manipulate the environment</span>","Jun 10, 2021"
Role-Playing|Japanese-Style|,87,Bandai Namco Games,8.7,T,Bandai Namco Games,Tales of Arise,"Challenge the Fate That Binds You. On the planet Dahna, reverence has always been given to Rena, the planet in the sky, as a land of the righteous and divine. Stories handed down for generations became truth and masked reality for the people of Dahna. For 300 years, Rena has ruled over","Sep 10, 2021"
Action|Platformer|3D|,86,Toys for Bob,8.0,None,Activision,Crash Bandicoot 4: It's About Time,"It's About Time - for a brand-wumping new Crash Bandicoot game! Crash fourward into a time shattered adventure with your favorite marsupials. Neo Cortex and N. Tropy are back at it again and launching an all-out assault on not just this universe, but the entire multiverse! Crash and Coco are here to save the day by reuniting the four Quantum Masks and bending the rules of reality. New abilities? Check. More playable characters? Yep. Alternate dimensions? Obviously. Ridonkulous bosses? For sure. Same awesome sauce? You bet your sweet jorts. Wait, are they actually jorts? Not in this universe!","Mar 12, 2021"
Role-Playing|Japanese-Style|,86,Ryu ga Gotoku Studios,8.2,M,Sega,Yakuza: Like a Dragon,"RISE FROM ROCK BOTTOM - Ichiban Kasuga, a low-ranking grunt of a low-ranking yakuza family in Tokyo, faces an 18-year prison sentence after taking the fall for a crime he didn't commit. Never losing faith, he loyally serves his time and returns to society to discover that no one was waiting","Mar  2, 2021"
Adventure|Puzzle|Action|3D|Third-Person|,86,Corey Martin,tbd,None,Draknek & Friends,Bonfire Peaks,"<span class=""blurb blurb_collapsed"">Move onwards, move upwards, and leave nothing behind.<br/>Bonfire Peaks is a puzzle game about closure, by Corey Martin and published as well as co-produced by Draknek, creator of A Monster’s Expedition and Cosmic Express. Navigate expertly designed puzzles in a breathtakingly lovely</span>","Sep 30, 2021"
Action|Shooter|Third-Person|Arcade|,86,Housemarque,7.3,T,PlayStation Studios,Returnal,"Returnal transforms roguelike gameplay into a third-person shooter where players fight to survive a hostile planet that changes with every death. Players can switch instinctively between firing modes by using a single adaptive trigger and can get right back into the action after dying. PS5’s immersive 3D audio brings the alien world to life around the player, helping players navigate the intense positional combat.","Apr 30, 2021"
Action|Beat-'Em-Up|3D|,85,Torn Banner Studios,6.2,None,Deep Silver,Chivalry 2,"Chivalry 2 is a multiplayer first person slasher inspired by epic medieval movie battles. Players are thrust into the action of every iconic moment of the era - from the thunder of cavalry charges, to storms of flaming arrows, sprawling castle sieges and more. Catapults tear the earth apart as players lay siege to castles, set fire to villages and slaughter filthy peasants in the return of grand Team Objective maps. Ride to war on horseback and claim glory by your blade. Are ye a heroic warrior, or a blood-soaked murderer? Keep fighting and gurgling out battlecries even when wounded, bleeding out and missing limbs.  Enhanced player expression brings thousands of hilarious new voice-lines and deep character customization. A revamped, faster and more fluid combat system offers an expanded range of creative choices, allowing players to perfect their playstyle. Immersive sound and effects ensure every blow lands with the sickening thud of steel sinking into bone.","Apr 23, 2021"
Strategy|Real-Time|General|,85,Lab42,6.6,T,Paradox Interactive,Crusader Kings III: Console Edition,No game like this is on console you can play this so much ....they will bring new dlc in a game this will be even better over a years defenetly worth you money(don't read thous low ratings thous are  guys who have PC and consoles or consoles players hardcore(you know thous sony boring empthy games fans),"Mar 29, 2022"
Action Adventure|Open-World|,85,Insomniac Games,7.6,T,PlayStation Studios,Marvel's Spider-Man: Miles Morales,"The latest adventure in the Spider-Man universe builds on and expand Marvel’s Spider-Man through an all-new story. Players experience the rise of Miles Morales as he masters new powers to become his own Spider-Man. With PS5’s SSD, players can near-instantaneously fast-travel across Marvel’s New York City, or feel the tension of each one of Miles’s web-swings, punches, web shots, and venom blasts with the DualSense wireless controller’s haptic feedback. Highly-detailed character models and enhanced visuals across the game intensify the story of Miles Morales as he faces great, new challenges while learning to be his own Spider-Man.","Nov 12, 2020"
Action Adventure|General|,85,Remedy Entertainment,7.8,M,505 Games,Control: Ultimate Edition,"After a secretive agency in New York is invaded by an otherworldly threat, you become the new Director struggling to regain Control. This supernatural third-person action-adventure game will challenge you to master a combination of supernatural abilities, modifiable loadouts and reactive","Feb  2, 2021"
Action|Shooter|Third-Person|Arcade|,85,Digital Extremes,7.4,None,Digital Extremes,Warframe,"Set in the far reaches of outer space during a new Dark Age, WARFRAME introduces the Tenno, a race on the brink of extinction after being enslaved by the Grineer for centuries. Players enter WARFRAME on the cusp of the Grineer's victory over the Tenno until they begin to arm themselves with WARFRAMES - an ancient exo-skeletal technology only they can operate. Hidden within the Orokin Derelicts of a lost civilization, new WARFRAMES lie dormant and undiscovered.  These artifacts are the Tenno's only hope for survival.","Nov 26, 2020"
Action|Shooter|First-Person|Arcade|,85,Ghost Ship Games,7.2,T,Coffee Stain Publishing,Deep Rock Galactic,"<span class=""blurb blurb_collapsed"">Deep Rock Galactic is a 1-4 player co-op FPS featuring badass space Dwarves, 100% destructible environments, procedurally-generated caves, and endless hordes of alien monsters.<br/><br/>Work together as a team to dig, explore, and fight your way through a massive cave system filled with hordes of</span>","Jan  4, 2022"
Action Adventure|General|,85,Modern Storyteller,8.1,T,Maximum Games,The Forgotten City,"The Forgotten City is a mature narrative-driven game, and a re-imagining of the critically acclaimed mod that won a national Writers’ Guild award and racked up over 3 million downloads. Trapped in a secret underground city during the Roman Empire, twenty-three lost souls cling to life. In this precarious utopia, if one person breaks the mysterious Golden Rule, everyone dies. As a time-traveler drawn two thousand years into the past, you’ll relive their final moments in an endless loop, exploring and interrogating, and changing the course of the day with each secret you uncover. Only by cleverly exploiting the time loop and making difficult moral choices can you hope to solve this epic mystery. Here, your decisions matter. The fate of the city is in your hands.","Jul 28, 2021"
Action|Action Adventure|General|Open-World|,85,Kojima Productions,7.1,M,Sony Interactive Entertainment,Death Stranding: Director's Cut,"From legendary game creator Hideo Kojima comes a genre-defying experience, now expanded and remastered for the PlayStation 5 console in this definitive Director’s Cut. In the future, a mysterious event known as the Death Stranding has opened a doorway between the living and the dead, leading to grotesque creatures from the afterlife roaming the fallen world marred by a desolate society. Take on the trials of Sam Bridges with advanced combat, more character actions and a competitive ranking system for special player challenges.* Make use of additional weapons and vehicles, take on new enemy types and explore new locations such as the Firing Range and Racetrack, featuring extra missions and minigames. Experience an extended storyline through new missions in an expanded area. ","Sep 24, 2021"
Action Adventure|Open-World|,84,Ubisoft Montreal,7.8,M,Ubisoft,Assassin's Creed Valhalla,"Build your own Viking Legend. Become Eivor, a Viking raider raised to be a fearless warrior, and lead your clan from icy desolation in Norway to a new home amid the lush farmlands of ninth-century England. Find your settlement and conquer this hostile land by any means to earn a place in Valhalla. England in the age of the Vikings is a fractured nation of petty lords and warring kingdoms. Beneath the chaos lies a rich and untamed land waiting for a new conqueror. Will it be you? Write Your Viking Saga. Blaze your own path across England with advanced RPG mechanics. Fight brutal battles, lead fiery raids or use strategy and alliances with other leaders to bring victory. Every choice you make in combat and conversation is another step on the path to greatness. Lead Epic Raids. Lead a crew of raiders and launch lightning-fast surprise attacks against Saxon armies and fortresses. Claim the riches of your enemies' lands for your clan and expand your influence far beyond your growing settlement. ENGAGE IN VISCERAL COMBAT. Unleash the ruthless fighting style of a Viking warrior as you dual-wield axes, swords, or even shields against relentless foes. Decapitate opponents in close-quarters combat, riddle them with arrows, or assassinate them with your Hidden Blade. Grow Your Settlement. Your clan's new home grows with your legend. Customise your settlement by building upgradable structures. Unlock new features and quests by constructing a barracks, a blacksmith, a tattoo parlour, and much more. Share Your Custom Raider. Recruit mercenary Vikings designed by other players or create and customise your own to share online. Sit back and reap the rewards when they fight alongside your friends in their game worlds. A Dark Age Open World. Sail across the icy North Sea to discover and conquer the broken kingdoms of England. Immerse yourself in activities like hunting and drinking games or engage in traditional Norse competitions like flyting – or, as it's better known, verbally devastating rivals through the art of the Viking rap battle. [Ubisoft]","Nov 12, 2020"
Action Adventure|General|,84,Io Interactive,8.0,M,Io Interactive,Hitman 3,"<span class=""blurb blurb_collapsed"">Death Awaits <br/>HITMAN 3 is the dramatic conclusion to the World of Assassination trilogy and takes players around the world on a globetrotting adventure to sprawling sandbox locations. Agent 47 returns as a ruthless professional for the most important contracts of his entire career.</span>","Jan 20, 2021"
Action|Platformer|2D|,84,roll7,7.9,E10+,Private Division,OlliOlli World,"OlliOlli World is a bold new skateboarding action-platformer that’s bursting with personality. Flip and flow through the vivid and vibrant world of Radlandia, meeting colorful characters as you grind, trick, and air your way to discover the mystical skate gods on your quest for Gnarvana.","Feb  8, 2022"
Racing|Simulation|Automobile|,84,Codemasters,6.2,E,Electronic Arts,F1 2021,"Every story has a beginning in F1 2021, the official videogame of the 2021 FIA Formula One world Championship. Enjoy the stunning new features of F1 2021, including the thrilling story experience 'braking point', two-player career, and get even closer to the grid with 'real-season start'. Take your team to the top in the acclaimed ten-year 'My team' Career mode, or race head-to-head in split-screen and multiplayer. Immerse yourself in the greatest racing spectacle on the planet and race with the authentic lineup of twenty heroic drivers and ten iconic teams from the 2021 Season: 'braking point' - the thrilling new story experience, new ways to play: two-player career and 'real-season start', acclaimed 'My team', split-screen and multiplayer ","Jul 13, 2021"
Miscellaneous|Compilation|,84,Ghost Town Games Ltd.,6.9,E,Team17,Overcooked! All You Can Eat,"Overcooked! All You Can Eat sees Overcooked! and Overcooked! 2 blended together with all additional content and remastered up to 4K in a delicious definitive edition. Making use of the power of the PS5, Overcooked! AYCE offers stunning 4K visuals, cross-platform multiplayer, and rapid loading times — meaning more time for culinary carnage! ","Nov 12, 2020"
Action Adventure|Survival|,84,Capcom,8.5,M,Capcom,Resident Evil Village,"The next generation of survival horror rises in the form of Resident Evil Village, the eighth major entry in the Resident Evil series. With ultra-realistic graphics powered by the RE Engine, fight for survival as danger lurks around every corner. Years after the tragic events of Resident Evil 7 biohazard, Ethan Winters has started over with his wife Mia, finally living in peace and putting the past behind them. However, Chris Redfield, the legendary hero from previous Resident Evil games, suddenly disrupts their life, throwing a devastated Ethan into a new and twisted nightmare in search of answers.","May  7, 2021"
Action Adventure|Open-World|,84,Sucker Punch,7.7,None,PlayStation Studios,Ghost of Tsushima: Iki Island,"If you’re a history buff, you may know that in addition to Tsushima, the neighboring island of Iki was also invaded during this time period. This island serves as the setting for a whole new chapter in Jin’s journey. In this new story, Jin travels to the island to investigate rumors of a Mongol presence. But soon, he finds himself caught up in events with deeply personal stakes that will force him to relive some traumatic moments from his past. [Sony]","Aug 20, 2021"
Action|General|Miscellaneous|Board / Card Game|,83,11 bit studios,tbd,None,11 bit studios,This War of Mine: Final Cut,"<span class=""blurb blurb_collapsed"">The Remastered Final Cut version for PS5 is finally here!<br/>In This War Of Mine, you do not play as an elite soldier, rather as a group of civilians trying to survive in a besieged city; struggling with a lack of food, medicine and constant danger from snipers and hostile scavengers. During</span>","May 10, 2022"
Puzzle|Action|,83,Skookum Arts LLC,6.8,E10+,Skookum Arts LLC,The Pedestrian,"Amo jogos de quebra cabeça e este é muito muito bom! Dificuldade crescente, mecânicas bem explicadas e desafiadoras sem serem muito frustrantes, além de um estilo de arte legal. Pontos negativos são a curta duração, não aproveitar mais o último e surpreendente tipo de quebra cabeça e falta de mais trofeus, inclusive platina.","Jan 29, 2021"
Action|Platformer|3D|,83,JapanStudio,9.2,E10+,Sony Interactive Entertainment,Astro's Playroom,"The game is a great example of how the controller can be utilised in gaming. I found myself numerous times smiling at what I was 'feeling' happening. It is a charming demo that oozes nostalgia and celebrates what the playstation was and has become. A must play, and a pleasure to play.","Nov 12, 2020"
Action|Shooter|First-Person|Arcade|,83,4A Games,7.9,M,Deep Silver,Metro Exodus: Complete Edition,"<span class=""blurb blurb_collapsed"">The year is 2036.<br/><br/>A quarter-century after nuclear war devastated the earth, a few thousand survivors still cling to existence beneath the ruins of Moscow, in the tunnels of the Metro.

They have struggled against the poisoned elements, fought mutated beasts and paranormal horrors, and</span>","Jun 18, 2021"
Role-Playing|Action RPG|,83,Team Ninja,7.9,None,Sony Interactive Entertainment,Nioh 2 Remastered: The Complete Edition,"<span class=""blurb blurb_collapsed"">Although it is more of the same in design and scenery, the gameplay has become more complex.<br/>Seems to be a bit more difficult, which is why I</span>","Feb  5, 2021"
Action Adventure|Open-World|,83,Ryu ga Gotoku Studios,8.4,M,Sega,Judgment,"From the makers of the acclaimed Yakuza series, Ryu Ga Gotoku Studio, Judgment is the dramatic tale of a disgraced lawyer seeking redemption in a world rife with corruption and despair. Investigate the seedy Red Light District of Kamurocho by stepping into the mind of private detective Takayuki Yagami and utilize innovative investigation systems to uncover the secrets that lie deep within Kamurocho's corrupt underbelly. Experience visceral combat with two unique combat styles. Take down groups of thugs with sweeping blows in Crane Style, then switch to Tiger to overwhelm a single foe with a series of powerful strikes. Practice mixing-and-matching styles in combat in conjunction with a wide variety of skills, weapons, and powerful (and hilarious) EX Actions to unlock a whole new dimension in combat.","Apr 23, 2021"
Strategy|Turn-Based|Card Battle|Tactics|,83,Abrakam SA,tbd,E10+,Nacon,Roguebook,"The ancients speak of a Book written since time immemorial containing all the world's legends. After many fabulous adventures, recounted in Faeria Chronicles of Gagana, this relic was lost in a well of Faeria. Through contact with this source of magic, the Book developed a wicked free will","Feb 24, 2022"
Puzzle|Action|Platformer|2D|,83,Graphite Lab,tbd,E,Atari Games,Kombinera,"<span class=""blurb blurb_collapsed"">Control multiple colored balls simultaneously in this brain-bending puzzle platformer. It's up to you to combine every ball and complete each perilous level. Can you solve them all? Can you save King Kombine from the Kave of Kaos?<br/> <br/>Core Features:
-Progress through 300 increasingly complex</span>","Apr  7, 2022"
Action Adventure|Linear|,82,Asobo Studio,8.1,M,Focus Home Interactive,A Plague Tale: Innocence,"Follow the grim tale of young Amicia and her little brother Hugo, in a heartrending journey through the darkest hours of history. Hunted by Inquisition soldiers and surrounded by unstoppable swarms of rats, Amicia and Hugo will come to know and trust each other. As they struggle to survive against overwhelming odds, they will fight to find purpose in this brutal, unforgiving world.","Jul  6, 2021"
Action Adventure|Open-World|,82,SegaSoft,8.7,M,SegaSoft,Lost Judgment,"SEIZE THE TRUTH - December 2021, Tokyo district court. Akihiro Ehara stands accused of groping a woman on a crowded train. A bystander’s video footage of his attempt to flee the scene and subsequent apprehension is all over the news, and public outcry demands a maximum sentence. “Three days","Sep 24, 2021"
Action Adventure|General|,82,Warner Bros. Interactive Entertainment,8.3,E10+,Warner Bros. Interactive Entertainment,LEGO Star Wars: The Skywalker Saga,"LEGO Star Wars: The Skywalker Saga will feature hundreds of playable characters - the most ever for a LEGO Star Wars game - and ships, LEGO's signature sense of humour and fun, and new innovations, options, and gameplay features. Players can start the game at any point in the Star Wars","Apr  5, 2022"
Action|Platformer|2D|,82,IguanaBee,tbd,M,Untold Tales,What Lies in the Multiverse,"<span class=""blurb blurb_collapsed"">What Lies in the Multiverse is a story-driven puzzle platformer filled to the brim with hijinks, chaos, and reality-bending adventure.<br/><br/>Harness the power of the multiverse! Switch worlds in mid-air, turning pitfalls into bridges, walls into tunnels, and foes into friends. Just be careful</span>","Mar  4, 2022"
Racing|Simulation|Automobile|,82,KT Racing,7.5,None,Nacon,WRC 9 FIA World Rally Championship,"Best rally game that I have ever played, and I've tried them all (dirt 3,4,5,rally,rally2.0,wrc 5,6,7,8) The graphics are stunning and the attention to detail is endless. The controls are more similar to dirt rally rather than previous wrcs, except this is even better. They also made great use of the DualSense ps5 controller. Everything combined makes for a very realistic driving experience.","Nov 12, 2020"
Adventure|General|,82,Polygon Treehouse,tbd,None,United Label,Roki,"<span class=""blurb blurb_collapsed"">Every dark fairytale has its monster.<br/><br/>Rediscover magic and chart your adventure through this forgotten northern world of mystery and monsters. Find your courage, discover hidden paths, solve ancient puzzles and travel deeper through the icy land to learn the truth.

Join Tove on a</span>","Oct 28, 2021"
Adventure|3D|First-Person|,82,Digixart Entertainment,7.1,T,Merge Games,Road 96,"<span class=""blurb blurb_collapsed"">Summer 1996. Today is the day! You hit the road. Adventure. Freedom. Escape. Run. Flee the Regime. Try to survive. On this risky road trip to the border, you'll meet incredible characters, and discover their intertwined stories and secrets in an ever-evolving adventure.<br/>But every mile opens</span>","Apr 14, 2022"
Role-Playing|Action RPG|,81,Square Enix,8.2,T,Square Enix,Final Fantasy VII Remake Intergrade: Episode INTERmission,"It’s an awesome DLC. I loved everything in it. The graphics, the Story, the great mini games which were very fun to play. For me it was an perfect DLC for the great Final Fantasy 7 Remake Game and is worth the money.","Jun 10, 2021"
Action Adventure|Open-World|,81,Rockstar North,2.5,M,Rockstar Games,Grand Theft Auto V,"Los Santos: a sprawling sun-soaked metropolis full of self-help gurus, starlets and fading celebrities, once the envy of the Western world, now struggling to stay afloat in an era of economic uncertainty and cheap reality TV. Amidst the turmoil, three very different criminals plot their own","Mar 15, 2022"
Action|Shooter|First-Person|Tactical|,81,CI Games,7.0,M,CI Games,Sniper Ghost Warrior Contracts 2,"Sniper Ghost Warrior players have never taken down targets from such extreme distances before. Sniper Ghost Warrior Contracts 2 introduces fans to a dramatic single-player campaign where the stakes are at their highest, deep inside enemy territory. Players take on the role of Reaper,","Aug 24, 2021"
Role-Playing|Action RPG|,81,Blizzard Entertainment,3.9,M,Activision,Diablo II: Resurrected,"Diablo® II: Resurrected™ is a remastered version of the quintessential action RPG Diablo® II. Pursue the mysterious Dark Wanderer and fight the denizens of hell as you uncover the fate of the Prime Evils Diablo, Mephisto, and Baal. Features: Remastered graphics—monsters, heroes, items, spells, all resurrected. An epic story told through five distinct acts. Classic gameplay—the same Diablo II you know and love, preserved. Updated Battle.net support. Planned support for cross-progression—take your progress wherever you play. Diablo II: Resurrected includes all content from both Diablo II and its epic expansion Diablo II: Lord of Destruction®. Battle your way through icy caverns, horrific tombs filled with undead abominations, and frozen wastelands to the frigid summit of Mount Arreat and stop Baal, the Lord of Destruction. Raise hell with two Lord of Destruction playable classes—the cunning Assassin, master of traps and shadow disciplines, and the savage Druid, a bold shapeshifter and summoner who commands primal elemental magic.","Sep 23, 2021"
Action Adventure|Linear|,81,Okomotive,7.2,E,Frontier Foundry,FAR: Changing Tides,Easy puzzle and platforming gameplay with beautiful visuals and music. I think the ship is a little cumbersome to operate which does take away a bit for the gameplay; It makes it hard to appreciate the the sights and sounds when you’re fumbling with this mechanical monstrosity. Overall a very fun game though with a charming wordless story.,"Mar  1, 2022"
Action Adventure|General|,81,Deck Nine Games,6.7,M,Square Enix,Life is Strange: True Colors,"<span class=""blurb blurb_collapsed"">A bold new era of the award-winning Life is Strange begins, with an all-new playable lead character and a thrilling mystery to solve!<br/> <br/>Alex Chen has long suppressed her 'curse': the supernatural ability to experience, absorb and manipulate the strong emotions of others, which she sees as</span>","Sep 10, 2021"
Role-Playing|Action RPG|,81,Odd Bug Studio,7.1,T,United Label,Tails of Iron,"Set in a grim land plagued by war, Tails of Iron is a hand-drawn RPG Adventure with punishingly brutal combat. As Redgi, heir to the Rat Throne, you must restore your broken Kingdom by banishing the merciless Frog Clan and their ferocious leader, Greenwart. As you explore the deceivingly charming world, you'll encounter a cast of unique companions, ready to aid you in your adventure. And you'll need all the help you can get, whether that's new meal recipes, blueprints to forge deadly weapons and armour, or even a land-chugging, armour-plated mole mobile! Overcome your fears. Rescue your brothers. Restore Your Kingdom. Your tail has begun. Master Brutal Combat: From frog zombies to gargantuan grubs - and everything in-between - the Kingdom is awash with danger. To overcome each perilous encounter, you'll need to study your opponent's attacks and react accordingly! Thankfully, there's a range of deadly abilities at your disposal, including parry bashes and fatal executions, not to mention ranged attacks with your nifty bow and arrow. Explore a Treacherous Kingdom: Fully accompanied by the deep, raspy narrations of Doug Cockle (voice of Geralt of Rivia from The Witcher), prepare to embark on an epic adventure across the mediaeval-fantasy Rat Kingdom. Complete side quests and faction hunts for some additional gold-on-the-side, or join forces with a sharp-eyed companion to help even the playing field. Customise your Attack: Adapt Redgi's combat style to the task at hand. Heavy armour may provide better protection but can you really afford to slow down your dodge-roll? And then there's the question of weapon; axes pack a punch, while spears are quick and nimble. Perhaps you'd prefer the all-round performance of a trusty broadsword? ","Sep 17, 2021"
Adventure|General|,81,Beethoven & Dinosaur,tbd,None,Annapurna Interactive,The Artful Escape,"<span class=""blurb blurb_collapsed"">On the eve of his first performance, Francis Vendetti struggles with the legacy of a dead folk legend and the cosmic wanderings of his own imagination.<br/><br/>In an attempt to escape the musical legacy of his uncle, a teenage guitar prodigy embarks on a psychedelic journey to inspire his new stage</span>","Jan 25, 2022"
Strategy|Management|Business / Tycoon|,81,Frontier Developments,6.2,E,Frontier Developments,Planet Coaster: Console Edition,"The TRUE successor to Sim Theme Park from PS1, I am blown away by how amazing this game is. As a long fan of the genre, nothing quite hit the same level of love that I had for Sim Theme Park. This game takes that game and pushes it beyond anything I could have imagined. The depth and creation that you have at your finger tips is incredible. All I can say is this is the best Coaster Sim game I have played on any console, and it’s not even close. Runs smooth as butter for me and looks amazing on PS5. Please don’t hesitate on buying it if you love these type of games.","Nov 12, 2020"
Open-World|Action Adventure|General|,81,Emberlab,8.5,T,Emberlab,Kena: Bridge of Spirits,"A beautiful game and probably my favorite looking game so far on the PlayStation 5.  Simple gameplay, yet some of the encounters can be very difficult.  It rewards you for mastering the controls and you do end up getting better after some deaths.  The platforming and puzzles are basic yet entertaining.  The exploration is one of the best parts of the game while the story is the weakest, though not bad and doesn't ruin the game.","Sep 21, 2021"
Adventure|General|,80,Something We Made,4.0,E,Something We Made,TOEM,"A photo adventure. Set off on a delightful expedition and use your photographic eye to uncover the mysteries of the magical TOEM in this hand-drawn adventure game. Chat with quirky characters, solve their problems by snapping neat photos, and make your way through a relaxing landscape!","Sep 17, 2021"
Action|Beat-'Em-Up|3D|,80,Sloclap,8.1,M,Sloclap,SIFU,"Sifu is a stylish yet gritty beat-em-up, featuring visceral hand-to-hand combat in a contemporary urban setting. From Sloclap, creators of acclaimed PS4 fighting game Absolver, Sifu follows a young kung fu student on a path of revenge, hunting for the murderers of his family. One against","Feb  8, 2022"
Action|Action Adventure|Platformer|Open-World|Metroidvania|,80,TIGAMES,7.8,E10+,bilibili,F.I.S.T.: Forged In Shadow Torch,"Six years ago, the Machine Legion invaded and colonized the Torch City, which was originally inhabited by animals. Rayton, the former soldier in the resistance war, has been living in seclusion since then. After his friend is forcibly arrested, Rayton reclaims his mechanical fist and steps","Sep  7, 2021"
Role-Playing|Action RPG|Action Adventure|Linear|,80,Eidos Montreal,8.7,T,Square Enix,Marvel's Guardians of the Galaxy,"Fire up Star-Lord’s jet boots for a wild ride across the cosmos in this third-person action-adventure game, a fresh take on Marvel’s Guardians of the Galaxy. With the unpredictable Guardians at your side, blast your way from one explosive situation to another, with original and iconic Marvel characters caught in a struggle for the fate of the universe. You got this. Probably.","Oct 26, 2021"
Racing|Simulation|Automobile|,80,505 Games,7.7,E,505 Games,Assetto Corsa Competizione,"Assetto Corsa Competizione is an extraordinary racing simulation game allowing players to experience the real atmosphere of the GT3 championship, competing against official drivers, teams, cars and circuits reproduced in-game with the highest level of accuracy ever achieved. Sprint, Endurance and Spa 24 Hours races come to life with an incredible level of realism, in both single and multiplayer modes. Born from KUNOS Simulazioni's long-term experience, this racing simulator takes full advantage of Unreal Engine 4 to ensure photorealistic weather conditions and graphics, night races, motion capture animations, reaching a new standard in terms of driving realism and immersion, thanks to its further improved tyre and aerodynamic models.","Feb 22, 2022"
Racing|Simulation|Automobile|,80,Codemasters,5.4,E,Codemasters,DIRT 5,"On PS5, experience technical advances brought to life in an amplified off-road racer, such as faster loading times, greater graphical fidelity and a 120FPS option. Dirt 5 also utilises ps5's dual sense Controller features, including haptic feedback and adaptive triggers, so you can feel every bump, scrape and slide behind the wheel. All dirt 5 players on PlayStation 4 are entitled to a free upgrade to the next-gen optimized version on PlayStation 5.","Nov 12, 2020"
Adventure|Visual Novel|,80,Team Salvato,8.0,M,Serenity Forge,Doki Doki Literature Club Plus!,"<span class=""blurb blurb_collapsed"">Welcome to the club! Write poems for your crush and experience the terror of school romance in this critically-acclaimed psychological horror story.<br/> <br/>Enter the #1 Psychological Horror Experience!

Welcome to a terrifying world of poetry and romance! Write poems for your crush and erase</span>","Jun 30, 2021"
Strategy|Turn-Based|Card Battle|,80,Konami,7.1,T,Konami,Yu-Gi-Oh! Master Duel,"<span class=""blurb blurb_collapsed"">Now you can play the ""Yu-Gi-Oh! TCG,"" digitally, anywhere.<br/>Fast-paced Duels with stunning HD graphics and a new, dynamic soundtrack! Get ready to challenge Duelists around the world!<br/>◇Play Duels at Any Level!
The full Yu-Gi-Oh! experience is available for anyone at any Skill Level. Don't</span>","Jan 19, 2022"
Puzzle|General|,80,Light Brick,tbd,None,LEGO Games,LEGO Builder's Journey,"<span class=""blurb blurb_collapsed"">LEGO Builder's Journey is an atmospheric, geometric puzzle game that asks us to sometimes follow the instructions and sometimes to break the rules.<br/><br/>Take your time to experiment with free-form puzzle solving while immersing yourself in a poetic world of LEGO bricks. Throughout the narrative,</span>","Apr 19, 2022"
Action Adventure|Open-World|Role-Playing|Action RPG|,80,Bandai Namco Games,7.8,T,Bandai Namco Games,Scarlet Nexus,"Unleash the Power of the Mind - In a far distant future, a psionic hormone was discovered in the human brain, granting people extra-sensory powersand changing the world as we know it. Just as humanity was entering this new era, deranged mutants known as Others began to descend from the sky","Jun 25, 2021"
Racing|Arcade|Automobile|,79,Bugbear,7.5,T,THQ Nordic,Wreckfest,"Break the rules and take full-contact racing to the limit with Wreckfest! Expect epic crashes, neck-to-neck fights over the finish line and brand-new ways for metal to bend -- These are the once-in-a-lifetime moments that can only be achieved in Wreckfest, with its true-to-life physics","May  4, 2021"
Action|Fighting|2D|,79,SNK Corporation,7.3,T,Koch Media,The King of Fighters XV,"Since its debut in 1994, the KOF fighting game series has been driving the world to excitement with its appealing characters and unique game system. Six years have passed since the last title in the series, and now KOF XV surpasses all of its predecessors in terms of graphics, systems, and","Feb 14, 2022"
Action|Platformer|3D|,79,Sumo Digital,8.6,E,Sony Interactive Entertainment,Sackboy: A Big Adventure,To start I would like to say this is a game I definitely see myself replaying years down the line. The missions had a great balance of fun and difficulty to them after the first few. The customization of mixing and matching different costumes was great and fun to play around with. Vex was a great villain but the story left a lot to be desired for me. I haven't played any of the LBP games and that may be why i don't understand the story and why vex is doing what he is doing and why he even showed up. That's the only grip i have with this game please go pick it up.,"Nov 12, 2020"
Action Adventure|General|,79,Deck Nine Games,5.6,None,Square Enix,Life is Strange: True Colors - Wavelengths,"Steph Gingrich is one of the, unfortunately few, queer characters in videogames to be written as an actual character, without any harmful","Sep 30, 2021"
Action Adventure|General|Role-Playing|Action RPG|,79,Fallen Flag Studio,5.2,None,United Label,Eldest Souls,"Eldest Souls is a challenging, pixel-art boss-rush game. The Old Gods have long been imprisoned. Humanity has prospered. Great Kingdoms have arisen from the now forsaken temples of worship. But no longer… In their final act of vengeance, the Old Gods have unleashed a great Desolation upon the world. Farmlands have turned to deserts, rivers to dust. The Great Crusade sent to slay the imprisoned Gods once and for all, has all but perished, and the human Kingdoms are in disarray. A lone Crusader approaches the Citadel, ancient prison of the Gods. His objective is simple: slay them all.","Jul 29, 2021"
Sports|Team|Basketball|Arcade|,79,Visual Concepts,2.6,E,2K Games,NBA 2K21,"Visual Concepts has done it again with making a true next-gen game for the PlayStation 5. This game not only looks better, but plays better than last generation version, by leaps and miles. The graphics are absolutely stunning, gameplay feels as authentic as you can get to the real life thing, and some new additions have been made to MyCareer. MyCareer has extra options in the story mode of the game including going to the G-League rather than College, but the big addition is ""The City"". The City is an updated version of The Park. The City offers a large area where there is a ton of different options to explore, it's still a work in progress from a navigation stand point, but the ambition is going in the right direction. Only real constructive things I can mention that I would like improved is some more upgrades to MyLeague which is a great mode, but would benefit from extra addition such as the ability to play G-League games. I really like this game and do strongly recommend any fans of the NBA to check it out.","Nov 12, 2020"
Action|Platformer|3D|,79,Nicolas Meyssonnier,tbd,None,Headup Games,Pumpkin Jack,"<span class=""blurb blurb_collapsed"">Follow the will of the Devil himself and slay your nemesis in an epic quest that will take you on a journey in the Boredom Kingdom, a mythical realm shattered by the Curse. You will meet friends along the way, from a haughty Owl to a snarky Crow!<br/><br/>Pumpkin Jack is a Spooky Scary 3D platformer</span>","Oct 27, 2021"
Action Adventure|Survival|,79,Remedy Entertainment,7.9,T,Epic Games,Alan Wake Remastered,"In this cinematic action-thriller, troubled author Alan Wake embarks on a desperate search for his missing wife, Alice. Following her mysterious disappearance from the Pacific Northwest town of Bright Falls, he discovers pages of a horror story he has supposedly written, but he has no memory of. Wake is soon forced to question his sanity, as page by page, the story comes true before his eyes: a hostile presence of supernatural darkness is taking over everyone it finds, turning them against him. He has no choice but to confront the forces of darkness armed only with his flashlight, a handgun and what remains of his shredded mind. His nightmarish journey to find answers to the mind-bending mystery he faces will lead him into the terrifying depths of the night. Alan Wake Remastered offers the complete experience, with the main game and its two story expansions - The Signal and The Writer - in stunning new 4K visuals. The tense, episodic story is packed with unexpected twists, heart-stopping cliff hangers, and intense bursts of combat where it takes more than bullets to banish the darkness. The game’s cutscenes, quirky cast of characters, and the majestic Pacific Northwest vistas have been enhanced for an experience that delivers as much on its visual impact as its unnerving atmosphere.","Oct  5, 2021"
Adventure|General|,79,Hollow Ponds and Richard Hogg,tbd,None,Annapurna Interactive,I Am Dead,"Morris Lupton is the recently-deceased museum curator of the tiny island of Shelmerston who is reunited with the ghost of his dog Sparky, only to discover that a disaster is about to destroy his beloved island. Together, they must uncover Shelmerston's ancient mysteries, prevent the island's","Aug 10, 2021"
Adventure|General|Action Adventure|Sandbox|,79,Unknown Worlds Entertainment,5.5,E10+,Bandai Namco Games,Subnautica: Below Zero,Below Zero is an underwater adventure game set on an alien ocean world. It is a new chapter in the Subnautica universe and developed by Unknown Worlds. Return to planet 4546B. Dive into a freezing underwater adventure. Below Zero is set in an arctic region of planet 4546B. As a scientist,"May 14, 2021"
Action Adventure|General|,78,Electronic Arts,7.8,E10+,Electronic Arts,Lost in Random,"Play the odds in Lost in Random™, a gothic fairytale-inspired action adventure where every citizen’s fate is determined by the roll of a dice. Ruled by a wicked Queen, the kingdom of Random is divided into six shadowy realms where life is dictated by a cursed black dice. In this story, from the award-winning Swedish game studio Zoink and penned by Eisner Award-winning Adventure Time and Marvel Comics The Unbeatable Squirrel Girl author Ryan North, you’ll join Even, a penniless girl who’s down on her luck, in a dark quest to save her beloved sister. With her companion Dicey, a small and strange living dice, Even must learn to embrace the chaos of Random, uncovering an age-old tale with a modern message. Walk Random’s mysterious cobbled streets, meet its unpredictable residents, and take on courageous quests. Engage in fearsome battles with a unique blend of tactical combat, card collection, and explosive dice gameplay. It’s time to adapt or perish, as you battle inside giant board game arenas that change with every dice throw! Learn how to tip the odds in your favor, and dive into a dark wonderland where only the brave survive.","Sep 10, 2021"
Strategy|Management|Business / Tycoon|,78,Frontier Developments,6.6,T,Frontier Developments,Jurassic World Evolution 2,"Jurassic World Evolution 2 is the sequel to Frontier’s Jurassic World Evolution, building upon the 2018 management simulation. It introduces a compelling, new narrative campaign, incredible new features, and awe-inspiring new dinosaurs brought to life with captivating authenticity. Together","Nov  9, 2021"
Action|Adventure|General|Platformer|3D|,78,ONE MORE LEVEL,6.8,None,505 Games,Ghostrunner,"If you liked the first Mirror's Edge, you'll love this! The gameplay is fast and very addictive, the graphics are very good on PS5 and the music is amazing. A great surprise can't wait for the sequel.","Sep 28, 2021"
Role-Playing|Japanese-Style|,78,Gust,7.8,T,Koei Tecmo Games,Atelier Ryza 2: Lost Legends & the Secret Fairy,"Three years have passed since Ryza’s secret grand adventure on Kurken Island. Ryza, the only member of her group to remain on the island, receives a letter from her friend telling her about ruins that may be related to alchemy, along with a mysterious request involving a glowing stone. This inspires her to leave the island and venture out to the royal capital, Ashra-am Baird. However, Ryza is unaware that this will lead to the beginning of an imaginative new adventure involving a pursuit of the mysteries of the ruins surrounding the royal capital and a meeting with a strange creature that will change her life.","Jan 26, 2021"
Action|Shooter|First-Person|Arcade|,78,Ratloop Games Canada,tbd,T,Frontier Foundry,Lemnis Gate,"Lemnis Gate is a time-warping, turn-based combat strategy FPS. Over five alternating turns taking place in a 25” time-loop, you are called to master the unique abilities of a varied cast of deep-space operatives and outskill, outsmart, and outmanoeuvre your opponent in mind-bending","Sep 28, 2021"
Sports|Team|Baseball|Sim|,78,Sony Interactive Entertainment San Diego Studio,4.1,E,Sony Interactive Entertainment,MLB The Show 21,"Be a 2-way star. For the first time, take your Ball Player from Road To The Show and use him in other game modes. Now your Ball Player can be a 2-way star. Enjoy Franchise improvements and updates to March To October which empower you to better make decisions on the future of your club. Live","Apr 16, 2021"
Racing|Simulation|Automobile|,78,Milestone S.r.l,5.1,E,Milestone S.r.l,MotoGP 22,"The best Race Game that I ever play in my life, it is so amazing. yeah, it is hard, but you need to practice in time trial for a time, after","Apr 21, 2022"
Sports|Team|Baseball|Sim|,78,Sony Interactive Entertainment San Diego Studio,5.8,E,Sony Interactive Entertainment,MLB The Show 22,"Diamond Dynasty is back. Play, collect, and build on your fantasy card collection and bring to life on the diamond*. Try the new Mini Seasons mode, where each season brings new challenges as you face off against a new set of competition. Create and use multiple Ballplayers, beyond your Road","Apr  1, 2022"
Sports|Team|Soccer|Sim|,78,EA Canada,2.5,E,Electronic Arts,FIFA 22,"Powered by Football™, EA SPORTS™ FIFA 22 brings the game even closer to the real thing with fundamental gameplay advances and a new season of innovation across every mode. New gameplay features in FIFA 22 give you more consistency between the posts with a goalkeeper rewrite that brings more","Sep 27, 2021"
Strategy|Real-Time|General|,78,Rebellion,5.5,T,Rebellion,Evil Genius 2: World Domination,"Evil Genius 2 is a satirical spy-fi lair builder, where players take control of an Evil Genius and set their plans for world domination in motion. When it feels this good to be bad, the Forces of Justice don't stand a chance. Build your own unique evil lair and cover operation, train a force of criminal minions, defend your lair from the Forces of Justice, and dominate the world with a doomsday device in this direct sequel to the 2004 cult classic!","Nov 30, 2021"
Action|Platformer|2D|,78,Rickard Paulsson,tbd,T,Red Art Games,Gunborg: Dark Matters,"Gunborg: Dark Matters is an arcade-style, action-packed platformer in space, with smooth gameplay and a slick 80’s synth-wave soundtrack. Armed with a fierce blade and a powerful shield your challenge is to fight your way through a  mad alien spaceship filled with deadly creatures and","Mar  4, 2022"
